timestamp,cpu_usage,ram_usage,vram_usage,disk_read_speed,disk_write_speed,network_bytes_sent,network_bytes_received,total_running_processes,average_process_cpu_usage,average_process_ram_usage,total_active_connections,total_unique_ip_connections
2024-09-29 08:57:50.994432,0.09,0.858,0.0,80506298880.0,31512351744.0,227556452.0,7448616308.0,339,0.0,0.0027162219466166,212,9
2024-09-29 08:57:59.123426,0.01,0.857,0.0,80506792448.0,31512936960.0,227557049.0,7448617928.0,337,0.0236795252225519,0.0027217392655525,209,9
2024-09-29 08:58:07.302734,0.033,0.872,0.0,80514506240.0,31514701824.0,227600566.0,7448659469.0,337,0.0235074183976261,0.0027780173159498,215,9
2024-09-29 08:58:28.489501,0.008,0.873,0.0,80558305280.0,31519269376.0,227639288.0,7448673688.0,339,0.0,0.002759443478406,208,9
2024-09-29 08:58:36.629953,0.01,0.872,0.0,80558510080.0,31520007168.0,227639777.0,7448674094.0,339,0.0235811209439528,0.0027538645858942,207,9
2024-09-29 08:58:44.981223,0.0139999999999999,0.867,0.0,80560279040.0,31520656384.0,227643352.0,7448692838.0,339,0.023551622418879,0.0027334966425888,208,9
2024-09-29 08:58:53.045956,0.002,0.867,0.0,80560623104.0,31521191424.0,227647315.0,7448702616.0,338,0.0236124260355029,0.002743664647722,209,9
2024-09-29 08:59:01.115400,0.004,0.865,0.0,80561122816.0,31525036032.0,227651289.0,7448707880.0,338,0.0236153846153846,0.0027377354107627,209,9
2024-09-29 08:59:09.207000,0.019,0.8640000000000001,0.0,80561364480.0,31525621248.0,227652137.0,7448708724.0,338,0.0236420118343195,0.0027372332135297,214,9
2024-09-29 08:59:17.291038,0.004,0.866,0.0,80562388480.0,31526474240.0,227663300.0,7448710607.0,338,0.0236420118343195,0.002737972839254,209,9
2024-09-29 08:59:25.362311,0.0,0.8640000000000001,0.0,80562421248.0,31530065408.0,227665216.0,7448724407.0,338,0.0236242603550295,0.0027370447096972,207,9
2024-09-29 08:59:33.405787,0.0,0.863,0.0,80562585600.0,31531062272.0,227668152.0,7448732400.0,337,0.0237062314540059,0.0027376357275177,207,9
2024-09-29 08:59:41.459258,0.02,0.863,0.0,80562917888.0,31531418112.0,227671050.0,7448740349.0,338,0.0236124260355029,0.0027335545108756,207,9
2024-09-29 08:59:49.533708,0.004,0.862,0.0,80563117568.0,31532293120.0,227671593.0,7448740823.0,338,0.0236242603550295,0.0027335617056783,207,9
2024-09-29 08:59:57.591944,0.084,0.863,0.0,80564035072.0,31532561408.0,227672136.0,7448742391.0,338,0.0236479289940828,0.0027378865016208,207,9
2024-09-29 09:00:05.644081,0.002,0.863,0.0,80576779264.0,31533685760.0,227672547.0,7448743083.0,339,0.0235781710914454,0.0027041839634303,206,9
2024-09-29 09:00:13.766041,0.008,0.831,0.0,80576852992.0,31534648320.0,227678815.0,7448765030.0,338,0.023603550295858,0.0025838810289401,210,9
2024-09-29 09:00:21.828944,0.01,0.8320000000000001,0.0,80576967680.0,31535556608.0,227689504.0,7448767259.0,338,0.0236124260355029,0.0025847731844831,203,9
2024-09-29 09:00:29.907035,0.004,0.8320000000000001,0.0,80578690560.0,31536291328.0,227690203.0,7448767948.0,341,0.0234252199413489,0.0025629881530141,201,9
2024-09-29 09:00:37.971013,0.008,0.836,0.0,80579235328.0,31537022976.0,227691973.0,7448780035.0,341,0.0233900293255132,0.002575462582226,201,9
2024-09-29 09:00:46.058392,0.012,0.836,0.0,80579247616.0,31537731072.0,227692901.0,7448783593.0,342,0.0233099415204678,0.0025748492331438,199,9
2024-09-29 09:00:54.158142,0.006,0.8340000000000001,0.0,80579911168.0,31538665984.0,227693557.0,7448785116.0,342,0.0233070175438596,0.0025821426299524,198,9
2024-09-29 09:01:02.353981,0.013,0.8390000000000001,0.0,80580573184.0,31539368960.0,227714618.0,7448819299.0,343,0.0232507288629737,0.0025819447879521,201,9
2024-09-29 09:01:10.431862,0.002,0.838,0.0,80581449216.0,31541015040.0,227715364.0,7448820010.0,343,0.0233002915451895,0.0025791875171856,207,9
2024-09-29 09:01:18.494721,0.002,0.8390000000000001,0.0,80584553984.0,31542112768.0,227728290.0,7448832974.0,344,0.0232238372093023,0.0025830212792908,209,9
2024-09-29 09:01:26.858773,0.012,0.8370000000000001,0.0,80592238592.0,31545997824.0,227733850.0,7448841382.0,341,0.0234486803519061,0.0025932763695165,208,9
2024-09-29 09:01:34.953577,0.01,0.835,0.0,80592300032.0,31547523584.0,227734689.0,7448852361.0,341,0.0233929618768328,0.0025948167746787,208,9
2024-09-29 09:01:43.038961,0.004,0.8370000000000001,0.0,80592320512.0,31548749824.0,227735889.0,7448853426.0,342,0.0233274853801169,0.0025935680272342,208,9
2024-09-29 09:01:51.108135,0.033,0.836,0.0,80601628672.0,31549613056.0,227736842.0,7448858050.0,342,0.0233508771929824,0.0025936938857927,207,9
2024-09-29 09:01:59.163316,0.021,0.835,0.0,80601628672.0,31550587392.0,227738187.0,7448862584.0,343,0.0232857142857142,0.0025922542439088,207,9
2024-09-29 09:02:07.238337,0.013,0.835,0.0,80601735168.0,31551374336.0,227747451.0,7448882013.0,341,0.0234105571847507,0.0025978569354225,212,9
2024-09-29 09:02:15.372800,0.025,0.835,0.0,80601849856.0,31552866816.0,227755475.0,7448889062.0,339,0.0235575221238938,0.0026010013528846,212,9
2024-09-29 09:02:23.484612,0.004,0.836,0.0,80602079232.0,31553311744.0,227756363.0,7448890529.0,339,0.0235575221238938,0.0025956993605284,207,9
2024-09-29 09:02:31.546343,0.008,0.835,0.0,80602398720.0,31554105856.0,227757118.0,7448891240.0,339,0.0235398230088495,0.0025951864496185,206,9
2024-09-29 09:02:39.647923,0.016,0.833,0.0,80603077120.0,31555125248.0,227776808.0,7448894194.0,338,0.0236331360946745,0.0025950135472596,206,9
2024-09-29 09:02:47.789337,0.05,0.838,0.0,80607788544.0,31556293632.0,227789894.0,7449331849.0,344,0.0231947674418604,0.0025798210017394,206,9
2024-09-29 09:02:56.021974,0.019,0.84,0.0,80608644608.0,31557267968.0,227858876.0,7451654309.0,339,0.0235221238938053,0.0026106756417381,208,9
2024-09-29 09:03:04.210375,0.037,0.84,0.0,80609176064.0,31559056384.0,227911235.0,7452690578.0,340,0.0234941176470588,0.0026035586536794,205,9
2024-09-29 09:03:12.287984,0.002,0.838,0.0,80609180160.0,31560430592.0,227915237.0,7452691038.0,339,0.0235545722713864,0.00260520220084,206,9
2024-09-29 09:03:20.355348,0.012,0.8340000000000001,0.0,80609250816.0,31561467392.0,227916161.0,7452701596.0,339,0.02352802359882,0.0025911290732463,200,9
2024-09-29 09:03:28.457912,0.006,0.838,0.0,80609267200.0,31562083840.0,227917459.0,7452705918.0,339,0.0235604719764011,0.0025948170102919,199,9
2024-09-29 09:03:36.527874,0.008,0.836,0.0,80615951872.0,31563011584.0,227924301.0,7452722292.0,339,0.0235427728613569,0.002598013557165,199,9
2024-09-29 09:03:44.629384,0.0289999999999999,0.836,0.0,80615951872.0,31563952640.0,227933967.0,7452738340.0,338,0.0236153846153846,0.0025989721277413,199,9
2024-09-29 09:03:52.687675,0.006,0.8340000000000001,0.0,80615984640.0,31564489728.0,227937281.0,7452744764.0,338,0.0236153846153846,0.0025908714993073,202,9
2024-09-29 09:04:00.773576,0.01,0.833,0.0,80616160768.0,31564855808.0,227938835.0,7452749628.0,337,0.0237299703264095,0.0025978711243672,201,9
2024-09-29 09:04:08.854234,0.01,0.833,0.0,80616177152.0,31565541376.0,227953249.0,7452776557.0,338,0.0235828402366863,0.0025981994059242,209,9
2024-09-29 09:04:16.915015,0.004,0.8340000000000001,0.0,80616271360.0,31566522880.0,227954049.0,7452782610.0,337,0.0237091988130563,0.002604052480452,208,9
2024-09-29 09:04:23.891058,0.075,0.8340000000000001,0.0,80616730112.0,31567032320.0,227965037.0,7452789774.0,337,0.0236884272997032,0.0026029549036828,204,9
2024-09-29 09:04:30.789200,0.008,0.8340000000000001,0.0,80616893952.0,31567431168.0,227965682.0,7452790528.0,337,0.0236943620178041,0.0026012612727313,204,9
2024-09-29 09:04:38.873427,0.004,0.833,0.0,80616926720.0,31568529408.0,227969247.0,7452796543.0,336,0.0237678571428571,0.0026024096417631,203,9
2024-09-29 09:04:46.924632,0.004,0.833,0.0,80616975872.0,31569220608.0,227969680.0,7452796885.0,336,0.0238065476190476,0.0026036747793076,203,9
2024-09-29 09:04:54.982529,0.006,0.835,0.0,80617090560.0,31569949696.0,227970390.0,7452807930.0,336,0.0237380952380952,0.0026098774273371,202,9
2024-09-29 09:05:03.118366,0.01,0.8340000000000001,0.0,80617336320.0,31570720768.0,227981011.0,7452817499.0,336,0.0237559523809523,0.0026067030032697,203,9
2024-09-29 09:05:11.195571,0.002,0.818,0.0,80617336320.0,31577305088.0,227986587.0,7452818886.0,337,0.0236854599406528,0.0025577262257314,207,9
2024-09-29 09:05:19.299971,0.012,0.823,0.0,80617496064.0,31578022912.0,227987296.0,7452819528.0,337,0.0236824925816023,0.002555961876487,203,9
2024-09-29 09:05:27.432411,0.033,0.825,0.0,80617778688.0,31578683904.0,227987995.0,7452820861.0,337,0.0236706231454006,0.0025616041859929,203,9
2024-09-29 09:05:35.002660,0.0559999999999999,0.8190000000000001,0.0,80618601984.0,31579652608.0,227988270.0,7452821039.0,337,0.0236943620178041,0.0025461875981576,203,9
2024-09-29 09:05:43.136675,0.027,0.82,0.0,80620979712.0,31582363648.0,227989356.0,7452832804.0,337,0.0236795252225519,0.0025416370924991,202,9
2024-09-29 09:05:50.196882,0.08,0.8270000000000001,0.0,80620996096.0,31582964224.0,227994130.0,7452839035.0,339,0.0234867256637168,0.0025623716291147,204,9
2024-09-29 09:05:57.089843,0.006,0.828,0.0,80655883264.0,31584826880.0,228022290.0,7453194163.0,339,0.0235398230088495,0.0025625244263508,214,9
2024-09-29 09:06:04.721642,0.017,0.8079999999999999,0.0,80670533632.0,31586335232.0,228044415.0,7453270544.0,339,0.0235427728613569,0.002569652094603,216,9
2024-09-29 09:06:12.983109,0.021,0.807,0.0,80670566400.0,31587926528.0,228045977.0,7453271660.0,339,0.0235368731563421,0.0025632747827308,222,9
2024-09-29 09:06:21.303506,0.016,0.8079999999999999,0.0,80832473088.0,31589036544.0,228047152.0,7453276249.0,340,0.0234676470588235,0.0025634461131197,217,9
2024-09-29 09:06:29.486606,0.079,0.8079999999999999,0.0,80839646720.0,31590019584.0,228076293.0,7453675831.0,340,0.0234970588235294,0.0025689578145132,239,9
2024-09-29 09:06:37.121790,0.035,0.815,0.0,80854196736.0,31601576448.0,228284069.0,7469655574.0,340,0.0234382352941176,0.0025897679562269,243,9
2024-09-29 09:06:44.733020,0.013,0.813,0.0,80854824960.0,31611679232.0,228304860.0,7469789860.0,339,0.0235427728613569,0.0025834676907048,244,9
2024-09-29 09:06:52.841721,0.008,0.81,0.0,80854860288.0,31612410880.0,228309033.0,7469795854.0,338,0.0236390532544378,0.0025761401406445,244,9
2024-09-29 09:07:01.000841,0.006,0.809,0.0,80854962688.0,31613729280.0,228309631.0,7469796457.0,338,0.0236331360946745,0.0025728312508525,243,9
2024-09-29 09:07:09.069144,0.0139999999999999,0.8079999999999999,0.0,80855290368.0,31614638080.0,228315437.0,7469806532.0,338,0.0236272189349112,0.0025751350266981,255,9
2024-09-29 09:07:17.142675,0.01,0.809,0.0,80855335424.0,31615483904.0,228323945.0,7469820582.0,338,0.0236035502958579,0.0025700044128459,255,9
2024-09-29 09:07:25.237120,0.004,0.8079999999999999,0.0,80855433728.0,31616233472.0,228324320.0,7469820714.0,338,0.0236272189349112,0.0025636341344771,245,9
2024-09-29 09:07:33.302504,0.008,0.8079999999999999,0.0,80855482880.0,31616927744.0,228325491.0,7469823257.0,338,0.0236272189349112,0.0025648608483487,245,9
2024-09-29 09:07:41.369274,0.016,0.8079999999999999,0.0,80855482880.0,31617453056.0,228326485.0,7469826822.0,338,0.0236331360946745,0.0025647111964511,244,9
2024-09-29 09:07:49.451012,0.023,0.8079999999999999,0.0,80855857664.0,31618146304.0,228327135.0,7469827164.0,337,0.023700296735905,0.0025673836023931,241,9
2024-09-29 09:07:57.538453,0.008,0.807,0.0,80855857664.0,31618509312.0,228328191.0,7469832746.0,337,0.023700296735905,0.0025672847411062,237,9
2024-09-29 09:08:05.614965,0.019,0.8059999999999999,0.0,80856373760.0,31620740096.0,228328601.0,7469833243.0,337,0.023727002967359,0.00256412045831,234,9
2024-09-29 09:08:13.690358,0.013,0.807,0.0,80856447488.0,31621595136.0,228328927.0,7469833593.0,337,0.0237181008902077,0.002566998981474,233,9
2024-09-29 09:08:21.809426,0.002,0.8079999999999999,0.0,80856488448.0,31622350336.0,228330789.0,7469845466.0,338,0.0236035502958579,0.0025646579549107,229,9
2024-09-29 09:08:29.896618,0.033,0.8190000000000001,0.0,80870012928.0,31625459712.0,228379615.0,7470456810.0,338,0.0236094674556213,0.0026007319764978,225,9
2024-09-29 09:08:38.107192,0.016,0.821,0.0,80871646208.0,31627103744.0,228466943.0,7473361006.0,338,0.0236035502958579,0.0026121731518558,226,9
2024-09-29 09:08:46.186942,0.008,0.8220000000000001,0.0,80871945216.0,31627813376.0,228471222.0,7473368438.0,337,0.0237032640949555,0.0025840348738919,220,9
2024-09-29 09:08:54.264543,0.006,0.812,0.0,80872043520.0,31629139968.0,228481028.0,7473375903.0,337,0.0237210682492581,0.0025630337057693,208,9
2024-09-29 09:09:02.366479,0.025,0.8140000000000001,0.0,80872043520.0,31631056896.0,228485611.0,7473382182.0,337,0.0236884272997032,0.002566692295,208,9
2024-09-29 09:09:10.430061,0.002,0.804,0.0,80872567808.0,31646311936.0,228486984.0,7473391584.0,337,0.0237181008902077,0.0025659447016187,209,9
2024-09-29 09:09:18.493965,0.002,0.805,0.0,80872584192.0,31647294464.0,228488201.0,7473394970.0,338,0.0235976331360946,0.0025669789982829,202,9
2024-09-29 09:09:26.567716,0.008,0.8059999999999999,0.0,80873709568.0,31648094720.0,228488794.0,7473395571.0,339,0.0235575221238938,0.0025594900023667,202,9
2024-09-29 09:09:33.488943,0.073,0.8059999999999999,0.0,80875269632.0,31649672704.0,228493424.0,7473467178.0,339,0.0235545722713864,0.0025609935845584,203,9
2024-09-29 09:09:40.357372,0.074,0.8059999999999999,0.0,80875482624.0,31650731520.0,228494992.0,7473471249.0,338,0.0236272189349112,0.0025658465363276,203,9
2024-09-29 09:09:47.264359,0.107,0.805,0.0,80875515392.0,31651404288.0,228495264.0,7473471491.0,337,0.0236973293768546,0.0025654460654928,203,9
2024-09-29 09:09:54.143688,0.008,0.805,0.0,80875515392.0,31652081152.0,228495701.0,7473471931.0,337,0.0236824925816023,0.0025690808414208,203,9
2024-09-29 09:10:02.241200,0.016,0.807,0.0,80875712000.0,31652588032.0,228496354.0,7473473587.0,337,0.0236765578635014,0.002574039059686,203,9
2024-09-29 09:10:10.502835,0.124,0.8290000000000001,0.0,81524613632.0,31655572480.0,228516123.0,7473521381.0,340,0.0228735294117647,0.0026203598301308,211,9
2024-09-29 09:10:18.722451,0.062,0.8220000000000001,0.0,81722585088.0,31658073088.0,228516830.0,7473522195.0,341,0.0233255131964809,0.0025866019936307,205,9
2024-09-29 09:10:25.854637,0.019,0.8190000000000001,0.0,81723019264.0,31658851328.0,228542426.0,7473540250.0,341,0.0234193548387096,0.0025866989821039,203,9
2024-09-29 09:10:33.953075,0.008,0.8220000000000001,0.0,81723019264.0,31659791360.0,228543807.0,7473547208.0,341,0.0234340175953079,0.0025947975196142,201,9
2024-09-29 09:10:42.208518,0.023,0.818,0.0,81723355136.0,31697804800.0,228545335.0,7473548236.0,341,0.0234281524926686,0.002561918427207,200,9
2024-09-29 09:10:50.306328,0.008,0.818,0.0,81725034496.0,31698527744.0,228559353.0,7473567208.0,342,0.0233099415204678,0.0025682981885112,204,9
2024-09-29 09:10:58.425726,0.01,0.8170000000000001,0.0,81759728640.0,31699895296.0,228563232.0,7473570145.0,342,0.0233713450292397,0.0025682804118786,203,9
2024-09-29 09:11:06.545676,0.006,0.8170000000000001,0.0,81759945728.0,31700841472.0,228570886.0,7473595292.0,342,0.0232894736842105,0.0025697203191163,204,9
2024-09-29 09:11:14.692054,0.021,0.815,0.0,81760090624.0,31701765120.0,228571290.0,7473595783.0,343,0.0232769679300291,0.0025565883899852,210,9
2024-09-29 09:11:22.897600,0.018,0.816,0.0,81760221696.0,31702482432.0,228572811.0,7473596899.0,343,0.0232857142857142,0.002561785303001,204,9
2024-09-29 09:11:31.046995,0.0289999999999999,0.813,0.0,81760352768.0,31702774272.0,228574386.0,7473601147.0,343,0.0232653061224489,0.00255472019547,203,9
2024-09-29 09:11:38.540082,0.043,0.813,0.0,81760356864.0,31703455232.0,228575119.0,7473601793.0,343,0.0232215743440233,0.0025606409895485,205,9
2024-09-29 09:11:46.794813,0.004,0.81,0.0,81760356864.0,31704142848.0,228588223.0,7473614439.0,342,0.023359649122807,0.0025585160631436,206,9
2024-09-29 09:11:54.889216,0.01,0.8079999999999999,0.0,81760360960.0,31704963072.0,228588663.0,7473614815.0,341,0.023407624633431,0.0025549438149447,206,9
2024-09-29 09:12:03.000082,0.035,0.809,0.0,81760520704.0,31705582080.0,228589259.0,7473616646.0,341,0.0234017595307917,0.002555877328999,204,9
2024-09-29 09:12:11.093627,0.025,0.809,0.0,81760528896.0,31705951232.0,228589883.0,7473617347.0,340,0.0235058823529411,0.0025635591223099,208,9
2024-09-29 09:12:19.303773,0.01,0.8079999999999999,0.0,81760594432.0,31706800128.0,228590482.0,7473618105.0,340,0.0234705882352941,0.0025578585954339,202,9
2024-09-29 09:12:27.473880,0.025,0.812,0.0,81760659968.0,31707150336.0,228592037.0,7473634643.0,340,0.0234588235294117,0.002565743489823,202,9
2024-09-29 09:12:34.451041,0.0409999999999999,0.8109999999999999,0.0,81760659968.0,31707952128.0,228592418.0,7473639477.0,340,0.023485294117647,0.0025633302429372,202,9
2024-09-29 09:12:41.656029,0.079,0.8109999999999999,0.0,81760659968.0,31708339200.0,228593753.0,7473642957.0,342,0.023345029239766,0.0025551605459808,201,9
2024-09-29 09:12:48.688788,0.076,0.8109999999999999,0.0,81760786944.0,31708939776.0,228594132.0,7473643243.0,339,0.0235781710914454,0.0025641958702948,199,9
2024-09-29 09:12:55.671624,0.002,0.81,0.0,81761180160.0,31709431808.0,228594568.0,7473644766.0,339,0.0234985250737463,0.0025631686137593,197,9
2024-09-29 09:13:03.743419,0.004,0.81,0.0,81761344000.0,31710147072.0,228594785.0,7473644942.0,339,0.0235693215339233,0.0025647123679943,197,9
2024-09-29 09:13:11.817102,0.0,0.81,0.0,81761344000.0,31710895616.0,228606639.0,7473654185.0,339,0.023551622418879,0.00256476545248,204,9
2024-09-29 09:13:19.879290,0.0,0.8109999999999999,0.0,81761421824.0,31712173056.0,228611304.0,7473654527.0,340,0.0234382352941176,0.0025672326362416,198,9
2024-09-29 09:13:27.942678,0.008,0.813,0.0,81762044416.0,31714019840.0,228612615.0,7473660484.0,341,0.0233988269794721,0.0025637990051759,197,9
2024-09-29 09:13:36.028335,0.01,0.812,0.0,81762044416.0,31714756096.0,228612887.0,7473661424.0,341,0.0234310850439882,0.0025634809400359,197,9
2024-09-29 09:13:44.110628,0.077,0.813,0.0,81762044416.0,31715326976.0,228613049.0,7473661534.0,341,0.0233929618768328,0.0025626708010247,197,9
2024-09-29 09:13:51.470228,0.0,0.8109999999999999,0.0,81762044416.0,31715832832.0,228613593.0,7473662018.0,342,0.0233684210526315,0.0025546272470038,197,9
2024-09-29 09:13:59.536806,0.01,0.8109999999999999,0.0,81762044416.0,31716540416.0,228614849.0,7473679881.0,340,0.0234970588235294,0.0025644646263281,196,9
2024-09-29 09:14:07.600993,0.004,0.812,0.0,81762273792.0,31717091840.0,228615650.0,7473681613.0,340,0.0234764705882353,0.0025663242712312,200,9
2024-09-29 09:14:15.695269,0.002,0.812,0.0,81762273792.0,31717862912.0,228615867.0,7473681789.0,341,0.0233958944281524,0.002566357076156,200,9
2024-09-29 09:14:23.781515,0.002,0.813,0.0,81762273792.0,31718363136.0,228618889.0,7473684648.0,341,0.0234281524926686,0.0025662978846613,197,9
2024-09-29 09:14:31.879375,0.016,0.809,0.0,81763023360.0,31721416192.0,228619424.0,7473685095.0,339,0.0235840707964601,0.0025716147858608,197,9
2024-09-29 09:14:39.957059,0.004,0.81,0.0,81763138048.0,31721972224.0,228627072.0,7473688971.0,339,0.0235486725663716,0.0025716542405462,199,9
2024-09-29 09:14:48.037690,0.008,0.8079999999999999,0.0,81763138048.0,31723203072.0,228628436.0,7473702826.0,338,0.0236272189349112,0.002571401643543,199,9
2024-09-29 09:14:56.127963,0.002,0.8079999999999999,0.0,81763203584.0,31724173312.0,228629968.0,7473710221.0,338,0.0236390532544378,0.0025745580035163,199,9
2024-09-29 09:15:04.203409,0.013,0.8059999999999999,0.0,81763260928.0,31728084992.0,228630294.0,7473710519.0,338,0.0236508875739645,0.0025735082817928,199,9
2024-09-29 09:15:12.300766,0.086,0.7879999999999999,0.0,81763361792.0,31728599552.0,228630757.0,7473710995.0,336,0.0238125,0.0025161067063673,200,9
2024-09-29 09:15:20.418788,0.0,0.792,0.0,81763361792.0,31729623040.0,228631246.0,7473711347.0,337,0.0236172106824925,0.0025159944951986,196,9
2024-09-29 09:15:28.500235,0.0,0.792,0.0,81764111360.0,31730136064.0,228632741.0,7473726649.0,340,0.0235176470588235,0.0024975417282501,196,9
2024-09-29 09:15:36.569205,0.012,0.792,0.0,81764111360.0,31730942976.0,228633818.0,7473731697.0,343,0.0232653061224489,0.0024847774033934,196,9
2024-09-29 09:15:44.668463,0.006,0.792,0.0,81764377600.0,31732022272.0,228633928.0,7473731829.0,340,0.0234823529411764,0.0024968021617771,196,9
2024-09-29 09:15:52.755704,0.004,0.794,0.0,81764377600.0,31733042688.0,228647384.0,7473749972.0,341,0.0233900293255132,0.0025047508537743,202,9
2024-09-29 09:16:00.851152,0.002,0.794,0.0,81764508672.0,31734494208.0,228652346.0,7473762578.0,341,0.0234516129032258,0.0025074715230771,203,9
2024-09-29 09:16:08.917916,0.07,0.8220000000000001,0.0,81802271232.0,31738380800.0,228706373.0,7473989757.0,345,0.0229710144927536,0.0025752734547033,233,9
2024-09-29 09:16:17.464908,0.027,0.8370000000000001,0.0,81819892736.0,31751375360.0,228830664.0,7474644897.0,349,0.0227077363896848,0.0026105998463996,255,9
2024-09-29 09:16:25.736734,0.012,0.838,0.0,81822877696.0,31754231808.0,228938519.0,7476370740.0,346,0.023043352601156,0.0026242288507058,265,9
2024-09-29 09:16:34.189549,0.067,0.862,0.0,81839352832.0,31763463680.0,229041530.0,7482777371.0,346,0.0230491329479768,0.0027039933120878,270,9
2024-09-29 09:16:42.812443,0.021,0.852,0.0,81850220032.0,31784536064.0,229066727.0,7484551833.0,344,0.0231220930232558,0.0026462117386423,261,9
2024-09-29 09:16:50.379489,0.027,0.846,0.0,81850617344.0,31786007040.0,229113368.0,7488764887.0,342,0.0233274853801169,0.0026344286837815,260,9
2024-09-29 09:16:58.653593,0.019,0.841,0.0,81853241856.0,31787795456.0,229127903.0,7490100120.0,344,0.023203488372093,0.002612988799874,258,9
2024-09-29 09:17:06.871563,0.027,0.8390000000000001,0.0,81855613952.0,31791208448.0,229186385.0,7495755718.0,341,0.0233841642228739,0.0026181025660477,261,9
2024-09-29 09:17:15.106499,0.017,0.838,0.0,81855704064.0,31793522176.0,229280338.0,7495763672.0,340,0.0234705882352941,0.0026142795065458,262,9
2024-09-29 09:17:23.450514,0.021,0.8340000000000001,0.0,81855757312.0,31794890752.0,229281083.0,7495764026.0,340,0.0233588235294117,0.0026031166303909,258,9
2024-09-29 09:17:31.042416,0.021,0.835,0.0,81855822848.0,31795698688.0,229322281.0,7498512316.0,343,0.0232798833819241,0.0025883406068219,263,9
2024-09-29 09:17:39.318927,0.012,0.8340000000000001,0.0,81856392192.0,31798282752.0,229323058.0,7498513708.0,340,0.0234558823529411,0.0026003657864304,262,9
2024-09-29 09:17:47.566723,0.019,0.8270000000000001,0.0,81856695296.0,31815880192.0,229324534.0,7498514913.0,339,0.0235634218289085,0.0026017811209392,260,9
2024-09-29 09:17:55.778600,0.017,0.8290000000000001,0.0,81856826368.0,31816324096.0,229336978.0,7499716819.0,339,0.0235368731563421,0.0026089037676859,258,9
2024-09-29 09:18:04.056228,0.006,0.831,0.0,81867586560.0,31835140608.0,229344662.0,7499731775.0,340,0.0234382352941176,0.0026053231705932,257,9
2024-09-29 09:18:12.291267,0.012,0.831,0.0,81867762688.0,31835961344.0,229391491.0,7502084197.0,340,0.023435294117647,0.0026049505263646,234,9
2024-09-29 09:18:20.494571,0.015,0.831,0.0,81868471296.0,31838744576.0,229395933.0,7502588510.0,341,0.0234398826979472,0.0026062136334276,227,9
2024-09-29 09:18:28.719723,0.021,0.833,0.0,81868491776.0,31839595008.0,229401954.0,7502608325.0,341,0.0233431085043988,0.0026048907391795,219,9
2024-09-29 09:18:36.934859,0.006,0.833,0.0,81868791808.0,31841108480.0,229447552.0,7504968936.0,341,0.0234340175953079,0.0026056366946423,225,9
2024-09-29 09:18:45.130530,0.025,0.833,0.0,81868808192.0,31841920000.0,229463291.0,7504998420.0,340,0.0234323529411764,0.0026100724175765,227,9
2024-09-29 09:18:53.300560,0.008,0.833,0.0,81868845056.0,31842408448.0,229485123.0,7505028426.0,339,0.0235014749262536,0.0026125759228573,233,9
2024-09-29 09:19:01.546595,0.073,0.8340000000000001,0.0,81869001728.0,31844355584.0,229490987.0,7505036270.0,340,0.0234705882352941,0.0026166934686796,236,9
2024-09-29 09:19:08.554361,0.006,0.835,0.0,81869375488.0,31845595136.0,229494895.0,7505046566.0,340,0.0235117647058823,0.0026034921356117,236,9
2024-09-29 09:19:16.654655,0.012,0.828,0.0,81869604864.0,31846285824.0,229502324.0,7505072373.0,343,0.0232827988338192,0.0025921549849972,234,9
2024-09-29 09:19:24.730296,0.004,0.83,0.0,81869965312.0,31846998528.0,229502870.0,7505072989.0,341,0.0234398826979472,0.0025976066195836,230,9
2024-09-29 09:19:32.839938,0.004,0.8290000000000001,0.0,81870125056.0,31847953408.0,229511176.0,7505081466.0,340,0.0234794117647058,0.0025864441985866,227,9
2024-09-29 09:19:40.918881,0.0,0.8170000000000001,0.0,81870125056.0,31848240128.0,229511665.0,7505082582.0,340,0.0234911764705882,0.0025851288574417,227,9
2024-09-29 09:19:47.828005,0.004,0.816,0.0,81870125056.0,31849129472.0,229512098.0,7505082924.0,339,0.0235663716814159,0.0025846455924027,227,9
2024-09-29 09:19:54.729241,0.085,0.816,0.0,81870141440.0,31849496576.0,229512208.0,7505083056.0,339,0.0235427728613569,0.0025851047014688,227,9
2024-09-29 09:20:01.734609,0.018,0.8170000000000001,0.0,81870841856.0,31855841792.0,229513272.0,7505096220.0,341,0.0234574780058651,0.0025789149439808,225,9
2024-09-29 09:20:10.083100,0.0289999999999999,0.831,0.0,81871161344.0,31856699392.0,229552196.0,7507351880.0,340,0.0233823529411764,0.002619586647,234,9
2024-09-29 09:20:18.707386,0.033,0.8190000000000001,0.0,81871161344.0,31857498112.0,229553375.0,7507359872.0,341,0.0233196480938416,0.0025829713442414,228,9
2024-09-29 09:20:26.912140,0.019,0.8170000000000001,0.0,81871722496.0,31857904128.0,229585626.0,7507375331.0,341,0.0234310850439882,0.0025728296304395,231,9
2024-09-29 09:20:35.101823,0.0289999999999999,0.8170000000000001,0.0,81871738880.0,31858937344.0,229610378.0,7510649715.0,340,0.0234529411764705,0.0025759243304194,226,9
2024-09-29 09:20:43.321840,0.019,0.8170000000000001,0.0,81871804416.0,31859811840.0,229611128.0,7510651430.0,340,0.0234735294117647,0.0025770451240976,219,9
2024-09-29 09:20:51.523935,0.012,0.818,0.0,81871837184.0,31860801536.0,229623030.0,7510663900.0,341,0.0233724340175953,0.0025835133386503,219,9
2024-09-29 09:20:59.732710,0.027,0.818,0.0,81871849472.0,31862068224.0,229652816.0,7512963904.0,341,0.0233929618768328,0.0025842407521991,219,9
2024-09-29 09:21:08.028901,0.0289999999999999,0.82,0.0,81871882240.0,31866900992.0,229685640.0,7513002617.0,341,0.0233753665689149,0.0025902461928802,224,9
2024-09-29 09:21:16.247131,0.017,0.816,0.0,81871947776.0,31867980800.0,229695060.0,7513809907.0,341,0.0233870967741935,0.0025775706552166,226,9
2024-09-29 09:21:24.480721,0.06,0.816,0.0,81871996928.0,31869153792.0,229710206.0,7515998249.0,342,0.0233011695906432,0.0025725475147594,217,9
2024-09-29 09:21:32.687498,0.018,0.816,0.0,81872304128.0,31869726208.0,229717702.0,7516003510.0,342,0.0233187134502924,0.0025746181369205,217,9
2024-09-29 09:21:40.869714,0.019,0.816,0.0,81872320512.0,31870226944.0,229718855.0,7516013173.0,342,0.0233216374269005,0.0025747240856506,216,9
2024-09-29 09:21:49.187846,0.008,0.815,0.0,81872320512.0,31871759360.0,229749147.0,7518385406.0,341,0.0234134897360703,0.0025647845792195,217,9
2024-09-29 09:21:57.416724,0.023,0.816,0.0,81872320512.0,31872187904.0,229750135.0,7518387158.0,340,0.0234764705882352,0.0025757154779918,216,9
2024-09-29 09:22:05.643491,0.019,0.815,0.0,81872320512.0,31872963584.0,229750381.0,7518387404.0,340,0.023485294117647,0.002574166965986,209,9
2024-09-29 09:22:13.851618,0.0139999999999999,0.8140000000000001,0.0,81872365568.0,31873513984.0,229785812.0,7522195004.0,340,0.0234529411764705,0.0025728902482352,213,9
2024-09-29 09:22:22.041686,0.021,0.815,0.0,81877639168.0,31874648576.0,229786299.0,7522195515.0,345,0.0230434782608695,0.0025425584654699,207,9
2024-09-29 09:22:30.250766,0.021,0.815,0.0,81877729280.0,31875386880.0,229811800.0,7525374452.0,341,0.0233782991202346,0.0025631022571002,204,9
2024-09-29 09:22:38.487790,0.015,0.8140000000000001,0.0,81877745664.0,31875963904.0,229812931.0,7525377880.0,341,0.0233958944281525,0.0025625238920138,203,9
2024-09-29 09:22:46.700562,0.01,0.8140000000000001,0.0,81877745664.0,31876461056.0,229813310.0,7525378864.0,341,0.0234134897360703,0.0025611903005077,203,9
2024-09-29 09:22:54.910597,0.01,0.813,0.0,81877794816.0,31877437440.0,229821067.0,7525386292.0,340,0.0234705882352941,0.0025610736353721,202,9
2024-09-29 09:23:03.126294,0.037,0.8140000000000001,0.0,81877794816.0,31877987328.0,229844457.0,7528319129.0,340,0.0235058823529411,0.0025640140200631,202,9
2024-09-29 09:23:10.721519,0.01,0.815,0.0,81877794816.0,31878707200.0,229849953.0,7528334544.0,340,0.0233882352941176,0.0025629955068547,206,9
2024-09-29 09:23:18.969006,0.015,0.815,0.0,81877794816.0,31879385088.0,229862945.0,7529744420.0,341,0.0233958944281524,0.0025660069192418,201,9
2024-09-29 09:23:27.158048,0.047,0.823,0.0,81880681472.0,31881016320.0,229908646.0,7529796871.0,341,0.0233870967741935,0.0025885232211802,212,9
2024-09-29 09:23:35.354376,0.019,0.8240000000000001,0.0,81880845312.0,31881490944.0,229919528.0,7529811122.0,341,0.0234340175953079,0.0025880382788143,214,9
2024-09-29 09:23:43.542373,0.023,0.8240000000000001,0.0,81880845312.0,31882284544.0,229919962.0,7529812228.0,341,0.0233372434017595,0.0025893305075893,213,9
2024-09-29 09:23:51.898042,0.016,0.821,0.0,81880845312.0,31882818560.0,229971050.0,7536639883.0,339,0.02352802359882,0.0025733672912493,206,9
2024-09-29 09:24:00.113664,0.075,0.823,0.0,81880845312.0,31883391488.0,229972408.0,7536650056.0,339,0.0235309734513274,0.0025785946783823,204,9
2024-09-29 09:24:07.245758,0.027,0.8220000000000001,0.0,81880845312.0,31884013568.0,229973261.0,7536650600.0,339,0.02352802359882,0.0025775329886668,204,9
2024-09-29 09:24:14.981990,0.075,0.8140000000000001,0.0,81884770816.0,31899482112.0,230065223.0,7548668054.0,339,0.0234985250737463,0.0025674211114846,209,9
2024-09-29 09:24:23.168585,0.015,0.797,0.0,81884910080.0,31900047360.0,230065657.0,7548668406.0,340,0.0234264705882353,0.0025666318278883,205,9
2024-09-29 09:24:30.270431,0.019,0.797,0.0,81884926464.0,31900473344.0,230066247.0,7548668919.0,340,0.0234558823529411,0.0025655045969778,205,9
2024-09-29 09:24:38.447122,0.012,0.799,0.0,81884926464.0,31901031936.0,230130180.0,7556763865.0,340,0.0234588235294117,0.0025701215230737,207,9
2024-09-29 09:24:46.634791,0.019,0.799,0.0,81884926464.0,31901797376.0,230133926.0,7556776393.0,342,0.0233421052631579,0.002561412232121,208,9
2024-09-29 09:24:54.921298,0.062,0.7979999999999999,0.0,81884975616.0,31902395904.0,230193189.0,7563904080.0,339,0.0235191740412979,0.0025703543880026,207,9
2024-09-29 09:25:03.201665,0.027,0.7979999999999999,0.0,81885176320.0,31902969856.0,230194187.0,7563907310.0,339,0.0234926253687315,0.0025706693081277,206,9
2024-09-29 09:25:10.771192,0.01,0.7979999999999999,0.0,81885438464.0,31904056320.0,230205667.0,7563914408.0,339,0.0235663716814159,0.0025700545323938,208,9
2024-09-29 09:25:19.022523,0.0289999999999999,0.795,0.0,81885504000.0,31905054720.0,230293691.0,7576371427.0,342,0.0233274853801169,0.002544997289611,203,9
2024-09-29 09:25:27.231565,0.019,0.7959999999999999,0.0,81885504000.0,31905360896.0,230301056.0,7576388494.0,340,0.0234529411764705,0.0025517425094468,205,9
2024-09-29 09:25:35.463847,0.025,0.799,0.0,81885536768.0,31905804288.0,230310116.0,7576397900.0,340,0.0234235294117647,0.0025518605253734,205,9
2024-09-29 09:25:43.695111,0.02,0.7959999999999999,0.0,81885602304.0,31906900480.0,230396632.0,7588799246.0,340,0.0234911764705882,0.002554107834714,204,9
2024-09-29 09:25:51.870368,0.111,0.8,0.0,81885667840.0,31907639296.0,230401622.0,7588806442.0,341,0.0233636363636363,0.0025649179383701,206,9
2024-09-29 09:25:58.858971,0.021,0.799,0.0,81885733376.0,31909206016.0,230410055.0,7588814337.0,341,0.0234281524926686,0.002563023810541,207,9
2024-09-29 09:26:05.962793,0.088,0.802,0.0,81885741568.0,31909871616.0,230414183.0,7588822456.0,341,0.0233782991202346,0.0025659484408977,208,9
2024-09-29 09:26:12.967560,0.021,0.7979999999999999,0.0,81885807104.0,31911232512.0,230497173.0,7597401563.0,341,0.0233489736070381,0.0025615853859057,219,9
2024-09-29 09:26:21.181582,0.025,0.799,0.0,81885872640.0,31911877632.0,230498571.0,7597405172.0,342,0.0232953216374269,0.0025616923918502,215,9
2024-09-29 09:26:29.420891,0.01,0.799,0.0,81886906368.0,31912586752.0,230499378.0,7597409561.0,342,0.0232923976608187,0.002558808310983,213,9
2024-09-29 09:26:37.615124,0.019,0.799,0.0,81886935040.0,31913131520.0,230561120.0,7605929363.0,342,0.0233099415204678,0.0025603122140979,210,9
2024-09-29 09:26:45.819791,0.019,0.799,0.0,81886935040.0,31913904128.0,230561229.0,7605929577.0,342,0.0233040935672514,0.0025606521033126,208,9
2024-09-29 09:26:52.905920,0.006,0.799,0.0,81887037440.0,31914567680.0,230661423.0,7617118398.0,340,0.0234676470588235,0.0025633424021539,211,9
2024-09-29 09:27:01.188865,0.021,0.7979999999999999,0.0,81887037440.0,31914967040.0,230662494.0,7617127438.0,340,0.0234588235294117,0.0025625470463338,211,9
2024-09-29 09:27:09.380092,0.0289999999999999,0.799,0.0,81887143936.0,31916463616.0,230663528.0,7617130748.0,339,0.0235073746312684,0.0025691255538927,214,9
2024-09-29 09:27:16.980524,0.0819999999999999,0.7979999999999999,0.0,81887176704.0,31917204992.0,230733570.0,7627122847.0,338,0.0236420118343195,0.0025680157693614,211,9
2024-09-29 09:27:25.301685,0.019,0.799,0.0,81887209472.0,31917853184.0,230733843.0,7627123155.0,339,0.023457227138643,0.0025648501007141,204,9
2024-09-29 09:27:33.505581,0.013,0.799,0.0,81887217664.0,31918707712.0,230742050.0,7627129848.0,339,0.0235309734513274,0.0025649734862756,207,9
2024-09-29 09:27:41.699999,0.062,0.799,0.0,81887283200.0,31918996992.0,230787574.0,7633325685.0,339,0.0235427728613569,0.002566914656796,206,9
2024-09-29 09:27:49.935659,0.027,0.7979999999999999,0.0,81887414272.0,31919805440.0,230787953.0,7633326669.0,338,0.0235355029585798,0.002565093240478,204,9
2024-09-29 09:27:58.148620,0.012,0.799,0.0,81887430656.0,31920544768.0,230789312.0,7633335039.0,338,0.0235887573964497,0.0025682150653981,201,9
2024-09-29 09:28:06.355273,0.021,0.799,0.0,81887430656.0,31921178112.0,230827122.0,7638398637.0,338,0.0235887573964497,0.0025685611354111,201,9
2024-09-29 09:28:14.540688,0.012,0.799,0.0,81887455232.0,31921816064.0,230834495.0,7638406435.0,338,0.0236360946745562,0.002570860594375,203,9
2024-09-29 09:28:22.719752,0.023,0.799,0.0,81887471616.0,31922322432.0,230835078.0,7638406927.0,339,0.0234513274336283,0.0025687604187135,199,9
2024-09-29 09:28:30.937594,0.023,0.802,0.0,81892160000.0,31922949120.0,230874971.0,7643768339.0,340,0.0234264705882352,0.0025709326143507,198,9
2024-09-29 09:28:39.163417,0.084,0.802,0.0,81892225536.0,31923557376.0,230875786.0,7643771623.0,340,0.0234117647058823,0.0025706357864142,197,9
2024-09-29 09:28:46.177349,0.0289999999999999,0.802,0.0,81893993472.0,31924169728.0,230878816.0,7643774779.0,340,0.02345,0.0025729481833264,198,9
2024-09-29 09:28:53.755332,0.021,0.802,0.0,81894026240.0,31924557312.0,230901411.0,7644806076.0,339,0.0235486725663716,0.0025735459133703,201,9
2024-09-29 09:29:02.006960,0.018,0.8059999999999999,0.0,81895918592.0,31926452736.0,230905111.0,7644810899.0,339,0.0235103244837758,0.0025786362851414,202,9
2024-09-29 09:29:10.223457,0.021,0.805,0.0,81896242176.0,31927138304.0,230926883.0,7645414208.0,339,0.0235309734513274,0.0025739103311916,215,9
2024-09-29 09:29:18.524899,0.018,0.8059999999999999,0.0,81897167872.0,31928529408.0,230943621.0,7645572415.0,340,0.0234382352941176,0.0025776874168372,221,9
2024-09-29 09:29:26.735278,0.031,0.809,0.0,81934502400.0,31929509888.0,230949031.0,7645612683.0,342,0.0232456140350877,0.0025686295449422,222,9
2024-09-29 09:29:34.969622,0.015,0.807,0.0,81937300992.0,31931781120.0,231002314.0,7651372536.0,341,0.0233929618768328,0.0025713469904708,222,9
2024-09-29 09:29:43.245507,0.006,0.807,0.0,81937300992.0,31932531712.0,231003308.0,7651376312.0,341,0.0234193548387096,0.0025707614938791,221,9
2024-09-29 09:29:51.436320,0.017,0.805,0.0,81937420288.0,31933093376.0,231003851.0,7651377428.0,339,0.023457227138643,0.002573761838103,220,9
2024-09-29 09:29:59.637774,0.033,0.8059999999999999,0.0,81939106816.0,31933684224.0,231026013.0,7654183355.0,340,0.0234558823529411,0.0025704126290259,219,9
2024-09-29 09:30:07.864751,0.021,0.8059999999999999,0.0,81945582592.0,31934908416.0,231036920.0,7654194282.0,340,0.0234411764705882,0.0025690572339907,225,9
2024-09-29 09:30:16.088935,0.012,0.8059999999999999,0.0,81945598976.0,31936065536.0,231037191.0,7654194634.0,340,0.0234764705882353,0.0025691859786379,224,9
2024-09-29 09:30:24.287711,0.02,0.8079999999999999,0.0,81945598976.0,31936440832.0,231063580.0,7656089316.0,341,0.0233401759530791,0.0025734001508699,220,9
2024-09-29 09:30:32.490764,0.021,0.804,0.0,81946237440.0,31939489792.0,231064820.0,7656111204.0,342,0.0232748538011695,0.0025661500602321,220,9
2024-09-29 09:30:40.083880,0.008,0.8059999999999999,0.0,82118385152.0,31941686272.0,231094216.0,7659110976.0,345,0.0230782608695652,0.0025590823122683,226,9
2024-09-29 09:30:48.391028,0.015,0.805,0.0,82121494016.0,31943055872.0,231122333.0,7659149666.0,342,0.0232865497076023,0.0025680841578551,228,9
2024-09-29 09:30:56.013682,0.012,0.807,0.0,82121592320.0,31944149504.0,231136288.0,7659165365.0,345,0.0230927536231884,0.0025682662214884,234,9
2024-09-29 09:31:04.251528,0.015,0.807,0.0,82121592320.0,31945771520.0,231150314.0,7660103288.0,343,0.0232944606413994,0.0025782183248128,234,9
2024-09-29 09:31:12.511641,0.013,0.809,0.0,82121658880.0,31946378240.0,231156944.0,7660121036.0,343,0.023271137026239,0.0025773483913516,229,9
2024-09-29 09:31:20.731736,0.021,0.807,0.0,82121658880.0,31947810816.0,231168203.0,7661204088.0,344,0.0231308139534883,0.0025736798903878,224,9
2024-09-29 09:31:28.937878,0.012,0.8059999999999999,0.0,82121964544.0,31949414912.0,231180704.0,7661216355.0,344,0.0232151162790697,0.0025715972710668,215,9
2024-09-29 09:31:37.119880,0.019,0.8059999999999999,0.0,82122294272.0,31951827456.0,231181083.0,7661216641.0,344,0.0231715116279069,0.0025716255483149,215,9
2024-09-29 09:31:45.321670,0.05,0.8059999999999999,0.0,82122425344.0,31952159232.0,231194689.0,7662711624.0,344,0.0231656976744186,0.0025713491382149,215,9
2024-09-29 09:31:52.856802,0.02,0.804,0.0,82122490880.0,31952833024.0,231206134.0,7662723340.0,342,0.0233070175438596,0.002569642101933,216,9
2024-09-29 09:32:00.403724,0.012,0.805,0.0,82122490880.0,31953284608.0,231207442.0,7662744001.0,342,0.0233508771929824,0.0025699279501847,215,9
2024-09-29 09:32:08.624870,0.094,0.805,0.0,82122671104.0,31954335744.0,231236778.0,7665442526.0,342,0.0233304093567251,0.0025676852502204,219,9
2024-09-29 09:32:16.832711,0.01,0.804,0.0,82122671104.0,31955271168.0,231237775.0,7665445746.0,341,0.0233929618768328,0.0025622372054975,217,9
2024-09-29 09:32:25.028878,0.013,0.804,0.0,82122687488.0,31955694592.0,231237830.0,7665445812.0,342,0.0232894736842105,0.002561212422771,213,9
2024-09-29 09:32:33.230282,0.092,0.802,0.0,82122687488.0,31956088832.0,231281161.0,7671328151.0,342,0.0233245614035087,0.0025648082800061,213,9
2024-09-29 09:32:40.519392,0.012,0.8009999999999999,0.0,82122720256.0,31956861440.0,231281976.0,7671337739.0,342,0.0233742690058479,0.0025639016717453,212,9
2024-09-29 09:32:48.088540,0.018,0.8009999999999999,0.0,82122720256.0,31957213696.0,231291293.0,7671353124.0,342,0.023312865497076,0.0025625677132377,208,9
2024-09-29 09:32:56.295913,0.013,0.8,0.0,82122785792.0,31959970816.0,231326930.0,7676065661.0,341,0.0233841642228739,0.0025605520307761,204,9
2024-09-29 09:33:04.497001,0.033,0.8,0.0,82122851328.0,31960796160.0,231333665.0,7676073990.0,342,0.0233421052631579,0.0025594916447387,205,9
2024-09-29 09:33:12.689326,0.012,0.8009999999999999,0.0,82122851328.0,31961983488.0,231351102.0,7678221422.0,342,0.0233391812865497,0.0025585352619068,208,9
2024-09-29 09:33:20.882561,0.023,0.8009999999999999,0.0,82122851328.0,31962667520.0,231351535.0,7678221762.0,343,0.0232186588921282,0.0025584650924072,203,9
2024-09-29 09:33:29.082656,0.015,0.802,0.0,82122884096.0,31963287552.0,231359700.0,7678240046.0,343,0.0232798833819242,0.0025580871995508,202,9
2024-09-29 09:33:37.299359,0.019,0.804,0.0,82122884096.0,31963829760.0,231412830.0,7681375342.0,343,0.0232827988338192,0.0025625864642163,202,9
2024-09-29 09:33:45.520552,0.038,0.804,0.0,82122949632.0,31964618752.0,231421931.0,7681389287.0,342,0.023312865497076,0.0025662147671746,203,9
2024-09-29 09:33:53.696515,0.094,0.802,0.0,82123047936.0,31965068800.0,231434761.0,7681405121.0,341,0.0233695014662756,0.002563135062025,205,9
2024-09-29 09:34:01.316326,0.027,0.802,0.0,82124895232.0,31965773312.0,231469074.0,7685412219.0,340,0.0234411764705882,0.0025711443277704,203,9
2024-09-29 09:34:09.542379,0.079,0.802,0.0,82125026304.0,31966240768.0,231477671.0,7685425278.0,340,0.0234617647058823,0.0025702545592091,207,9
2024-09-29 09:34:16.624175,0.019,0.8029999999999999,0.0,82125026304.0,31967324672.0,231478722.0,7685428843.0,345,0.0230695652173913,0.0025436369351227,206,9
2024-09-29 09:34:24.845666,0.013,0.805,0.0,82125026304.0,31967985152.0,231500815.0,7688208675.0,342,0.0232953216374269,0.0025622015146069,202,9
2024-09-29 09:34:33.080572,0.046,0.802,0.0,82125026304.0,31968735744.0,231501405.0,7688209254.0,342,0.023312865497076,0.0025610353675106,202,9
2024-09-29 09:34:40.083244,0.075,0.8029999999999999,0.0,82125120512.0,31969242112.0,231519577.0,7690343025.0,342,0.0233245614035087,0.0025626402418986,201,9
2024-09-29 09:34:47.251615,0.092,0.802,0.0,82125120512.0,31969774592.0,231519848.0,7690343257.0,342,0.0233157894736842,0.0025612301994036,201,9
2024-09-29 09:34:54.252387,0.095,0.809,0.0,82191206912.0,31971143680.0,231527738.0,7690364088.0,346,0.022921965317919,0.0025550169025692,200,9
2024-09-29 09:35:02.769466,0.1,0.81,0.0,82191993344.0,31973032448.0,231586610.0,7695351688.0,349,0.0228137535816619,0.0025482345621151,204,9
2024-09-29 09:35:11.412350,0.087,0.81,0.0,82192079360.0,31974002688.0,231634980.0,7700378429.0,346,0.0229682080924855,0.0025591700130506,208,9
2024-09-29 09:35:19.964333,0.061,0.8109999999999999,0.0,82192079360.0,31975077888.0,231700153.0,7708097039.0,347,0.0229481268011527,0.0025590280404074,203,9
2024-09-29 09:35:28.433757,0.016,0.8109999999999999,0.0,82192210432.0,31975616000.0,231754024.0,7714008707.0,347,0.0229596541786743,0.0025570286026453,204,9
2024-09-29 09:35:36.669741,0.015,0.8109999999999999,0.0,82192292352.0,31976660480.0,231805898.0,7721078225.0,347,0.0230259365994236,0.0025549618862204,203,9
2024-09-29 09:35:44.984856,0.017,0.809,0.0,82192374272.0,31977081344.0,231866310.0,7729454318.0,346,0.0230317919075144,0.0025569539430983,200,9
2024-09-29 09:35:53.165736,0.019,0.809,0.0,82192673792.0,31978313216.0,231871521.0,7729461126.0,345,0.023127536231884,0.0025710286545404,202,9
2024-09-29 09:36:01.480671,0.023,0.809,0.0,82192772096.0,31979601920.0,231925509.0,7735545180.0,345,0.0231043478260869,0.0025687800805583,204,9
2024-09-29 09:36:09.695357,0.021,0.81,0.0,82192829440.0,31980330496.0,231949259.0,7735574783.0,345,0.0231159420289855,0.0025720598970908,214,9
2024-09-29 09:36:17.907341,0.018,0.809,0.0,82192833536.0,31981918720.0,231994447.0,7740695872.0,345,0.0231014492753623,0.0025694243428215,215,9
2024-09-29 09:36:26.103346,0.016,0.809,0.0,82192833536.0,31982679552.0,231995424.0,7740710047.0,344,0.0231337209302325,0.0025773488633261,213,9
2024-09-29 09:36:33.656848,0.027,0.809,0.0,82192849920.0,31983324672.0,231996353.0,7740713404.0,344,0.0232093023255814,0.0025809181589649,213,9
2024-09-29 09:36:41.861589,0.019,0.809,0.0,82192849920.0,31983730688.0,232020512.0,7743792486.0,344,0.0231918604651162,0.0025782332342598,211,9
2024-09-29 09:36:50.081861,0.006,0.809,0.0,82192915456.0,31985393152.0,232041606.0,7743811070.0,343,0.023271137026239,0.0025762849030128,212,9
2024-09-29 09:36:58.285653,0.018,0.807,0.0,82192980992.0,31986076160.0,232042149.0,7743813335.0,342,0.023298245614035,0.0025750995281303,210,9
2024-09-29 09:37:06.465414,0.087,0.8079999999999999,0.0,82193050624.0,31986843648.0,232067623.0,7746982047.0,342,0.0232865497076023,0.0025804837146015,210,9
2024-09-29 09:37:14.975754,0.019,0.809,0.0,82193103872.0,31987830784.0,232068941.0,7746989727.0,344,0.0231656976744186,0.0025735660744643,216,9
2024-09-29 09:37:23.200714,0.023,0.8059999999999999,0.0,82193263616.0,31988836352.0,232069320.0,7746990069.0,342,0.0233274853801169,0.0025712747078678,207,9
2024-09-29 09:37:31.412529,0.021,0.8079999999999999,0.0,82193263616.0,31989218304.0,232107277.0,7750339541.0,342,0.0233421052631578,0.0025686693645991,210,9
2024-09-29 09:37:39.650854,0.025,0.8059999999999999,0.0,82193263616.0,31990054912.0,232107711.0,7750339949.0,342,0.0232456140350877,0.0025697302740306,210,9
2024-09-29 09:37:47.216224,0.0139999999999999,0.8059999999999999,0.0,82193263616.0,31990484480.0,232108144.0,7750340291.0,342,0.023345029239766,0.0025707947387885,210,9
2024-09-29 09:37:55.528618,0.017,0.8059999999999999,0.0,82195922432.0,31991443456.0,232145631.0,7752126796.0,342,0.0233216374269005,0.0025676696067837,215,9
2024-09-29 09:38:03.748534,0.008,0.8079999999999999,0.0,82195922432.0,31992378880.0,232146753.0,7752135222.0,342,0.0233333333333333,0.0025692161738168,212,9
2024-09-29 09:38:11.963746,0.019,0.8059999999999999,0.0,82195922432.0,31992841216.0,232155482.0,7752146252.0,342,0.023345029239766,0.0025682562356583,215,9
2024-09-29 09:38:20.162593,0.121,0.8079999999999999,0.0,82196037120.0,31993881600.0,232156230.0,7752146898.0,342,0.0233187134502924,0.0025766517836859,206,9
2024-09-29 09:38:28.010496,0.0139999999999999,0.8220000000000001,0.0,82197184000.0,31995326976.0,232192755.0,7752296241.0,343,0.0232274052478134,0.0025966152550903,219,9
2024-09-29 09:38:35.811773,0.006,0.826,0.0,82197609984.0,31996730368.0,232194681.0,7752310360.0,342,0.0233654970760234,0.0026342502063906,219,9
2024-09-29 09:38:44.187436,0.037,0.836,0.0,82197999104.0,31997535744.0,232225259.0,7752337343.0,343,0.0231720116618075,0.0026393993909619,226,9
2024-09-29 09:38:52.782166,0.061,0.823,0.0,82198460416.0,32001510912.0,232375770.0,7763835140.0,343,0.0232390670553935,0.0025823233898007,234,9
2024-09-29 09:38:59.927447,0.079,0.8220000000000001,0.0,82198460416.0,32003535872.0,232394672.0,7765536018.0,343,0.0232827988338192,0.0025823545854587,234,9
2024-09-29 09:39:07.010711,0.023,0.818,0.0,82198591488.0,32020686848.0,232417444.0,7767821900.0,343,0.0232653061224489,0.0025697834443014,234,9
2024-09-29 09:39:15.219911,0.012,0.8140000000000001,0.0,82198747136.0,32021588992.0,232421390.0,7767845979.0,343,0.0232740524781341,0.0025725825456092,236,9
2024-09-29 09:39:22.748451,0.023,0.8140000000000001,0.0,82198775808.0,32022426112.0,232428084.0,7767870022.0,342,0.0233070175438596,0.0025702379746566,231,9
2024-09-29 09:39:30.917470,0.019,0.813,0.0,82198792192.0,32022903296.0,232450038.0,7767900500.0,342,0.0233421052631578,0.0025679625656884,235,9
2024-09-29 09:39:39.110578,0.019,0.8140000000000001,0.0,82198792192.0,32023421952.0,232451609.0,7767910397.0,342,0.0233508771929824,0.0025696037044067,234,9
2024-09-29 09:39:46.647303,0.018,0.8140000000000001,0.0,82198792192.0,32024280064.0,232451988.0,7767910683.0,342,0.023359649122807,0.0025719687076031,234,9
2024-09-29 09:39:54.805662,0.154,0.8220000000000001,0.0,82199780864.0,32025731072.0,232472166.0,7768000872.0,342,0.0233245614035087,0.002598373406549,231,9
2024-09-29 09:40:03.006933,0.021,0.823,0.0,82200165888.0,32026769408.0,232474810.0,7768008463.0,342,0.0233274853801169,0.0025873298513347,228,9
2024-09-29 09:40:11.120826,0.004,0.816,0.0,82200165888.0,32027280896.0,232475437.0,7768009399.0,342,0.0233625730994152,0.0025727672339379,232,9
2024-09-29 09:40:19.192492,0.002,0.7959999999999999,0.0,82200231424.0,32029391872.0,232477013.0,7768027548.0,342,0.0233508771929824,0.002515156723123,228,9
2024-09-29 09:40:27.272372,0.012,0.797,0.0,82200382976.0,32030220288.0,232502343.0,7768067264.0,342,0.0233245614035087,0.002514787680231,226,9
2024-09-29 09:40:35.387224,0.021,0.8,0.0,82200382976.0,32031014400.0,232507441.0,7768068041.0,343,0.0233032069970845,0.0025218456439398,226,9
2024-09-29 09:40:43.975569,0.0579999999999999,0.799,0.0,82201785344.0,32035012096.0,232650724.0,7771793660.0,345,0.0230057971014492,0.0025407292963528,256,9
2024-09-29 09:40:52.138926,0.023,0.815,0.0,82209729536.0,32057090560.0,232787826.0,7772524986.0,346,0.0230028901734104,0.0025699291626949,264,9
2024-09-29 09:41:00.354404,0.018,0.8109999999999999,0.0,82209824256.0,32060127232.0,232802059.0,7772540399.0,347,0.023,0.0025623793588013,268,9
2024-09-29 09:41:08.471823,0.021,0.809,0.0,82209908736.0,32061247488.0,232818791.0,7772565240.0,347,0.0230028818443804,0.0025536976080141,270,9
2024-09-29 09:41:16.601765,0.016,0.8009999999999999,0.0,82210048512.0,32062197760.0,232821051.0,7772581345.0,344,0.0231337209302325,0.0025040768581032,260,9
2024-09-29 09:41:24.719330,0.01,0.795,0.0,82210048512.0,32062683648.0,232822365.0,7772585253.0,345,0.0231449275362318,0.0024891544809552,253,9
2024-09-29 09:41:32.851996,0.015,0.792,0.0,82210245120.0,32063548928.0,232851139.0,7772600547.0,345,0.0231768115942029,0.0024925238175176,251,9
2024-09-29 09:41:40.986034,0.006,0.792,0.0,82210245120.0,32063952896.0,232852254.0,7772601680.0,345,0.0230840579710144,0.0024926182717225,251,9
2024-09-29 09:41:49.096685,0.004,0.7909999999999999,0.0,82210314752.0,32065039360.0,232871210.0,7772622151.0,345,0.0231072463768115,0.0024905994893136,255,9
2024-09-29 09:41:57.210046,0.0139999999999999,0.7879999999999999,0.0,82210380288.0,32065818624.0,232873020.0,7772642357.0,343,0.023268221574344,0.0024828709232979,253,9
2024-09-29 09:42:05.355105,0.006,0.7879999999999999,0.0,82210380288.0,32066710016.0,232873913.0,7772646915.0,342,0.023359649122807,0.002488784733181,253,9
2024-09-29 09:42:13.468373,0.077,0.7879999999999999,0.0,82210576896.0,32067207680.0,232876025.0,7772652722.0,342,0.0233333333333333,0.0024894673558715,257,9
2024-09-29 09:42:20.482303,0.008,0.7859999999999999,0.0,82210945536.0,32068007936.0,232877093.0,7772653704.0,341,0.0233929618768328,0.002484316951407,249,9
2024-09-29 09:42:28.006986,0.018,0.787,0.0,82210986496.0,32068422656.0,232883216.0,7772661802.0,342,0.0233274853801169,0.0024827207682806,250,9
2024-09-29 09:42:36.117318,0.008,0.787,0.0,82211572224.0,32069245440.0,232884167.0,7772662788.0,342,0.023359649122807,0.0024831872271191,250,9
2024-09-29 09:42:44.217237,0.008,0.7879999999999999,0.0,82211572224.0,32069621760.0,232885765.0,7772677684.0,342,0.0233157894736842,0.0024839103805319,228,9
2024-09-29 09:42:52.358431,0.019,0.7859999999999999,0.0,82211647488.0,32071729152.0,232887342.0,7772685746.0,341,0.0233695014662756,0.0024821732208896,218,9
2024-09-29 09:42:59.820950,0.013,0.787,0.0,82211647488.0,32072334848.0,232888234.0,7772686583.0,341,0.0233841642228739,0.0024846735266761,213,9
2024-09-29 09:43:07.950134,0.013,0.787,0.0,82211647488.0,32073308672.0,232890065.0,7772691727.0,341,0.0234310850439882,0.0024854451555583,217,9
2024-09-29 09:43:16.064602,0.015,0.787,0.0,82211700736.0,32073992704.0,232890991.0,7772692948.0,341,0.0234017595307917,0.0024855556938917,212,9
2024-09-29 09:43:24.196770,0.004,0.7879999999999999,0.0,82211700736.0,32074577408.0,232892428.0,7772703800.0,342,0.0232748538011695,0.002485478279524,211,9
2024-09-29 09:43:32.293170,0.021,0.789,0.0,82212413440.0,32075173888.0,232898420.0,7772714518.0,343,0.0232886297376093,0.0024862584881532,207,9
2024-09-29 09:43:40.448723,0.006,0.782,0.0,82212413440.0,32078390784.0,232906271.0,7772715570.0,343,0.0232419825072886,0.0024914419303168,207,9
2024-09-29 09:43:48.569008,0.021,0.782,0.0,82212413440.0,32078807040.0,232914982.0,7772716994.0,343,0.0232594752186588,0.0024918673256523,204,9
2024-09-29 09:43:56.719755,0.006,0.782,0.0,82212478976.0,32079561728.0,232916102.0,7772719175.0,342,0.0233304093567251,0.0024919176869042,204,9
2024-09-29 09:44:04.821537,0.0139999999999999,0.782,0.0,82212478976.0,32080069632.0,232917706.0,7772742405.0,342,0.0233479532163742,0.002494603380552,204,9
2024-09-29 09:44:12.942291,0.015,0.782,0.0,82212478976.0,32081065472.0,232918732.0,7772743714.0,342,0.0233216374269005,0.0024931236536573,209,9
2024-09-29 09:44:21.030619,0.14,0.809,0.0,82222321664.0,32081669120.0,232920367.0,7772745878.0,343,0.0232448979591836,0.00253669194115,203,9
2024-09-29 09:44:29.432795,0.07,0.805,0.0,82224812032.0,32084531200.0,233068678.0,7772908387.0,345,0.023031884057971,0.002594119183225,218,9
2024-09-29 09:44:37.312234,0.134,0.8420000000000001,0.0,82228514816.0,32090358272.0,233163232.0,7773190559.0,347,0.0227723342939481,0.0026404996978595,218,9
2024-09-29 09:44:46.538666,0.236,0.846,0.0,82230046720.0,32100677632.0,233237302.0,7779775922.0,346,0.022907514450867,0.0026545263855711,222,9
2024-09-29 09:44:55.603102,0.125,0.841,0.0,82231183360.0,32103148544.0,233253160.0,7779868790.0,345,0.0230840579710145,0.0026479468018974,222,9
2024-09-29 09:45:05.141714,0.031,0.84,0.0,82232293376.0,32106957824.0,233277664.0,7780101243.0,344,0.0229447674418604,0.0026471788205266,221,9
2024-09-29 09:45:13.432638,0.012,0.794,0.0,82232854528.0,32110215168.0,233282580.0,7780102634.0,343,0.0232419825072886,0.0024809169407234,224,9
2024-09-29 09:45:21.663839,0.012,0.764,0.0,82233108480.0,32114540032.0,233289645.0,7780106975.0,343,0.0232128279883381,0.002378452675245,223,9
